documento_id,documento_textual_id,proposicao,proposicao_id,tipo_documento,unidade_autora,data_documento,palavras_no_texto,sha256_corpo,endpoint_fonte,evidencia_local,ementa_proposicao,inicio_do_texto
306332,317330,PL 1882/2025,153779,Emenda,GAB DEP RICARDO VALE,2025-08-18T09:46:10,BRB MASTER,82dcc1da5bd34f35c65626158ff5238a0fbe1da7166f6f860fc0b6cbe443c407,https://ple.cl.df.gov.br/pleservico/api/public/proposicao/153779/documento/ativas,data/raw/documento-ativas/a91cdb16a2fb033b.json,"Autoriza o BRB - Banco de Brasília a adquirir participação em instituições financeiras sediadas no Brasil e no exterior, empresas com atividades próprias ou complementares às do setor financeiro, inclusive no ramo de tec","CÂMARA LEGISLATIVA DO DISTRITO FEDERAL Gabinete do Deputado Ricardo Vale - Gab 13 emenda SUbSTITUTIVA (Autoria: Bancada do Partido dos Trabalhadores) Emenda ao Projeto de Lei nº 1882/2025, que “Autoriza o BRB - Banco de Brasília a adquirir participação em instituições financeiras sediadas no Brasil e no exterior, empresas com atividades próprias ou complementares às do setor financeiro, inclusive "
306465,318020,PL 1882/2025,153779,Emenda,BPPSOL-PSB,2025-08-18T18:05:14,BRB,7faa6f4842407e899104be2746af99ba7adffa46bcd9ed283c21442e30be27e1,https://ple.cl.df.gov.br/pleservico/api/public/proposicao/153779/documento/ativas,data/raw/documento-ativas/a91cdb16a2fb033b.json,"Autoriza o BRB - Banco de Brasília a adquirir participação em instituições financeiras sediadas no Brasil e no exterior, empresas com atividades próprias ou complementares às do setor financeiro, inclusive no ramo de tec","CÂMARA LEGISLATIVA DO DISTRITO FEDERAL Bloco Parlamentar PSOL-PSB emenda ADITIVA (Autoria: Bloco Parlamentar PSOL-PSB e outros) Emenda ao Projeto de Lei nº 1882/2025, que “Autoriza o BRB - Banco de Brasília a adquirir participação em instituições financeiras sediadas no Brasil e no exterior, empresas com atividades próprias ou complementares às do setor financeiro, inclusive no ramo de tecnologia "
306467,317620,PL 1882/2025,153779,Emenda,BPPSOL-PSB,2025-08-18T18:09:42,BRB MASTER,3cf7dcbe5e97c67d16570c47eba7f25c0f4c33cda299ebac1115b86d032799f3,https://ple.cl.df.gov.br/pleservico/api/public/proposicao/153779/documento/ativas,data/raw/documento-ativas/a91cdb16a2fb033b.json,"Autoriza o BRB - Banco de Brasília a adquirir participação em instituições financeiras sediadas no Brasil e no exterior, empresas com atividades próprias ou complementares às do setor financeiro, inclusive no ramo de tec","CÂMARA LEGISLATIVA DO DISTRITO FEDERAL Bloco Parlamentar PSOL-PSB emenda ADITIVA (Bloco PSOL-PSB) Emenda ao Projeto de Lei nº 1882/2025, que “Autoriza o BRB - Banco de Brasília a adquirir participação em instituições financeiras sediadas no Brasil e no exterior, empresas com atividades próprias ou complementares às do setor financeiro, inclusive no ramo de tecnologia da informação (TI) e empresas "
306583,317944,PL 1882/2025,153779,Emenda,GAB DEP HERMETO,2025-08-19T14:43:50,BRB MASTER,c56ada7a526f626b174b8454e10b7f1d11e176e847b5e771fc8313b2d3beceba,https://ple.cl.df.gov.br/pleservico/api/public/proposicao/153779/documento/ativas,data/raw/documento-ativas/a91cdb16a2fb033b.json,"Autoriza o BRB - Banco de Brasília a adquirir participação em instituições financeiras sediadas no Brasil e no exterior, empresas com atividades próprias ou complementares às do setor financeiro, inclusive no ramo de tec","CÂMARA LEGISLATIVA DO DISTRITO FEDERAL Gabinete do Deputado Hermeto - Gab 11 emenda subemenda (Autoria: Deputado Hermeto) Emenda ao Projeto de Lei nº 1882/2025, que “Autoriza o BRB - Banco de Brasília a adquirir participação em instituições financeiras sediadas no Brasil e no exterior, empresas com atividades próprias ou complementares às do setor financeiro, inclusive no ramo de tecnologia da inf"
306600,317969,PL 1882/2025,153779,Emenda,GAB DEP HERMETO,2025-08-19T15:45:59,BRB MASTER,9849a14d6e764e7384a7f533a5f4a0cd169ae8be57298ca986b318616fe70275,https://ple.cl.df.gov.br/pleservico/api/public/proposicao/153779/documento/ativas,data/raw/documento-ativas/a91cdb16a2fb033b.json,"Autoriza o BRB - Banco de Brasília a adquirir participação em instituições financeiras sediadas no Brasil e no exterior, empresas com atividades próprias ou complementares às do setor financeiro, inclusive no ramo de tec","CÂMARA LEGISLATIVA DO DISTRITO FEDERAL Gabinete do Deputado Hermeto - Gab 11 emenda SUBSTITUTIVA (Autoria: Deputado Hermeto) Emenda ao Projeto de Lei nº 1882/2025, que “Autoriza o BRB - Banco de Brasília a adquirir participação em instituições financeiras sediadas no Brasil e no exterior, empresas com atividades próprias ou complementares às do setor financeiro, inclusive no ramo de tecnologia da "
306609,317991,PL 1882/2025,153779,Emenda,GAB DEP HERMETO,2025-08-19T16:48:05,BRB MASTER,d3bd20dc6de3b1a3dc04aeeac3de482ae4292919acd8d34b4057c221e5f93061,https://ple.cl.df.gov.br/pleservico/api/public/proposicao/153779/documento/ativas,data/raw/documento-ativas/a91cdb16a2fb033b.json,"Autoriza o BRB - Banco de Brasília a adquirir participação em instituições financeiras sediadas no Brasil e no exterior, empresas com atividades próprias ou complementares às do setor financeiro, inclusive no ramo de tec","CÂMARA LEGISLATIVA DO DISTRITO FEDERAL Gabinete do Deputado Hermeto - Gab 11 subemenda (Autoria: Deputado Hermeto) Subemenda ao Projeto de Lei nº 1882/2025, que “Autoriza o BRB - Banco de Brasília a adquirir participação em instituições financeiras sediadas no Brasil e no exterior, empresas com atividades próprias ou complementares às do setor financeiro, inclusive no ramo de tecnologia da informa"
306614,318006,PL 1882/2025,153779,Emenda,GAB DEP HERMETO,2025-08-19T17:29:33,BRB MASTER,f6d77eb33feae21ebb1900a2355122b8ebfc90c38f8e8bcddb25009fd6f4859c,https://ple.cl.df.gov.br/pleservico/api/public/proposicao/153779/documento/ativas,data/raw/documento-ativas/a91cdb16a2fb033b.json,"Autoriza o BRB - Banco de Brasília a adquirir participação em instituições financeiras sediadas no Brasil e no exterior, empresas com atividades próprias ou complementares às do setor financeiro, inclusive no ramo de tec","CÂMARA LEGISLATIVA DO DISTRITO FEDERAL Gabinete do Deputado Hermeto - Gab 11 emenda substitutivo (Autoria: Deputado Hermeto) Emenda ao Projeto de Lei nº 1882/2025, que “Autoriza o BRB - Banco de Brasília a adquirir participação em instituições financeiras sediadas no Brasil e no exterior, empresas com atividades próprias ou complementares às do setor financeiro, inclusive no ramo de tecnologia da "
306619,318023,PL 1882/2025,153779,Emenda,BPPSOL-PSB,2025-08-19T18:41:46,BRB,b2747aed6178c41e7336080000452b026114e4878f9e181391000c5657fe9d7f,https://ple.cl.df.gov.br/pleservico/api/public/proposicao/153779/documento/ativas,data/raw/documento-ativas/a91cdb16a2fb033b.json,"Autoriza o BRB - Banco de Brasília a adquirir participação em instituições financeiras sediadas no Brasil e no exterior, empresas com atividades próprias ou complementares às do setor financeiro, inclusive no ramo de tec","CÂMARA LEGISLATIVA DO DISTRITO FEDERAL Bloco Parlamentar PSOL-PSB emenda ADITIVA (Autoria: Bloco PSOL-PSB e outro) Emenda ao Projeto de Lei nº 1882/2025, que “Autoriza o BRB - Banco de Brasília a adquirir participação em instituições financeiras sediadas no Brasil e no exterior, empresas com atividades próprias ou complementares às do setor financeiro, inclusive no ramo de tecnologia da informação"
306620,318025,PL 1882/2025,153779,Emenda,BPPSOL-PSB,2025-08-19T18:44:03,BRB MASTER,d77c9bec1ea1302c96eb3ab2ab6fd2f819d9a0848b6862535c846b3402712c22,https://ple.cl.df.gov.br/pleservico/api/public/proposicao/153779/documento/ativas,data/raw/documento-ativas/a91cdb16a2fb033b.json,"Autoriza o BRB - Banco de Brasília a adquirir participação em instituições financeiras sediadas no Brasil e no exterior, empresas com atividades próprias ou complementares às do setor financeiro, inclusive no ramo de tec","CÂMARA LEGISLATIVA DO DISTRITO FEDERAL Bloco Parlamentar PSOL-PSB emenda ADITIVA (Autoria: Bloco PSOL-PSB e outro) Emenda ao Projeto de Lei nº 1882/2025, que “Autoriza o BRB - Banco de Brasília a adquirir participação em instituições financeiras sediadas no Brasil e no exterior, empresas com atividades próprias ou complementares às do setor financeiro, inclusive no ramo de tecnologia da informação"
324446,352331,PL 1557/2025,150946,Emenda,GAB DEP ROBÉRIO NEGREIROS,2026-02-04T11:06:41,MASTER,e9da9714ac84acaf6b13ba4a0c68fc1e5360f789ecd334c7e057460ff8124aad,https://ple.cl.df.gov.br/pleservico/api/public/proposicao/150946/documento/ativas,data/raw/documento-ativas/26e168a13f37ca95.json,"Altera a Lei Nº 4.636, de 25 de agosto de 2011, que institui mecanismo de controle do patrimônio público do Distrito Federal, dispondo sobre provisões de encargos trabalhistas a serem pagos às empresas contratadas para p","CÂMARA LEGISLATIVA DO DISTRITO FEDERAL Gabinete do Deputado Robério Negreiros - Gab 19 substitutivo (Autoria: Deputado Robério) Ao Projeto de Lei Nº 1557/2025, que Altera a Lei Nº 4.636, de 25 de agosto de 2011, que institui mecanismo de controle do patrimônio público do Distrito Federal, dispondo sobre provisões de encargos trabalhistas a serem pagos às empresas contratadas para prestar serviços "
325568,355015,PL 2175/2026,156411,Emenda,GAB DEP EDUARDO PEDROSA,2026-02-25T09:26:52,BRB,eee21456e4f42fa5ac3215daaaae2c23b61ac002384770c0b7e502794480aaff,https://ple.cl.df.gov.br/pleservico/api/public/proposicao/156411/documento/ativas,data/raw/documento-ativas/28308ee15c2f8091.json,"Dispõe sobre as medidas a serem adotadas pelo Distrito Federal, na condição de acionista controlador, para o restabelecimento e fortalecimento das condições econômico-financeiras do Banco de Brasília S.A. – BRB, e dá out","CÂMARA LEGISLATIVA DO DISTRITO FEDERAL Gabinete do Deputado Eduardo Pedrosa - Gab 20 emenda Nº ____ (ADITIVA) (Autoria: Deputado Eduardo Pedrosa) Ao Projeto de Lei Nº 2175/2026, que Dispõe sobre as medidas a serem adotadas pelo Distrito Federal, na condição de acionista controlador, para o restabelecimento e fortalecimento das condições econômico-financeiras do Banco de Brasília S.A. – BRB, e dá o"
325569,355017,PL 2175/2026,156411,Emenda,GAB DEP EDUARDO PEDROSA,2026-02-25T09:30:29,BRB MASTER,fdee1ff10449c440fb8c12cedd717d70a77401822030b7028c38e3eb40835b2a,https://ple.cl.df.gov.br/pleservico/api/public/proposicao/156411/documento/ativas,data/raw/documento-ativas/28308ee15c2f8091.json,"Dispõe sobre as medidas a serem adotadas pelo Distrito Federal, na condição de acionista controlador, para o restabelecimento e fortalecimento das condições econômico-financeiras do Banco de Brasília S.A. – BRB, e dá out","CÂMARA LEGISLATIVA DO DISTRITO FEDERAL Gabinete do Deputado Eduardo Pedrosa - Gab 20 emenda Nº ____ (ADITIVA) (Autoria: Deputado Eduardo Pedrosa) Ao Projeto de Lei Nº 2175/2026, que Dispõe sobre as medidas a serem adotadas pelo Distrito Federal, na condição de acionista controlador, para o restabelecimento e fortalecimento das condições econômico-financeiras do Banco de Brasília S.A. – BRB, e dá o"
325641,355230,PL 2175/2026,156411,Emenda,GAB DEP PEPA,2026-02-25T13:48:49,BRB,d762080b2b353ee654202de5d5744828598da7d4322a882de345d2c9b9f0def5,https://ple.cl.df.gov.br/pleservico/api/public/proposicao/156411/documento/ativas,data/raw/documento-ativas/28308ee15c2f8091.json,"Dispõe sobre as medidas a serem adotadas pelo Distrito Federal, na condição de acionista controlador, para o restabelecimento e fortalecimento das condições econômico-financeiras do Banco de Brasília S.A. – BRB, e dá out","CÂMARA LEGISLATIVA DO DISTRITO FEDERAL Gabinete do Deputado Pepa - Gab 12 emenda Nº ____ (ADITIVA) (Autoria: Deputados Pepa e Wellington Luiz) Ao Projeto de Lei Nº 2175/2026, que Dispõe sobre as medidas a serem adotadas pelo Distrito Federal, na condição de acionista controlador, para o restabelecimento e fortalecimento das condições econômico-financeiras do Banco de Brasília S.A. – BRB, e dá outr"
325900,355868,PL 2175/2026,156411,Emenda,GAB DEP PEPA,2026-03-02T12:52:32,BRB,e49728c8b2fa8454e86807424c3d9926d216632ab93aaf8cced6fb6f83d4a5e6,https://ple.cl.df.gov.br/pleservico/api/public/proposicao/156411/documento/ativas,data/raw/documento-ativas/28308ee15c2f8091.json,"Dispõe sobre as medidas a serem adotadas pelo Distrito Federal, na condição de acionista controlador, para o restabelecimento e fortalecimento das condições econômico-financeiras do Banco de Brasília S.A. – BRB, e dá out","CÂMARA LEGISLATIVA DO DISTRITO FEDERAL Gabinete do Deputado Pepa - Gab 12 subemenda Nº ____ (MODIFITIVA) (Autoria: Deputados Pepa) À emenda nº 3 do Projeto de Lei Nº 2175/2026, que Dispõe sobre as medidas a serem adotadas pelo Distrito Federal, na condição de acionista controlador, para o restabelecimento e fortalecimento das condições econômico-financeiras do Banco de Brasília S.A. – BRB, e dá ou"
325932,355954,PL 2175/2026,156411,Emenda,GAB DEP WELLINGTON LUIZ,2026-03-02T20:14:07,BRB,6d5d6a0894144ad6a4c6c2c7d7284b412e472c9d794762d44811efd80d55e825,https://ple.cl.df.gov.br/pleservico/api/public/proposicao/156411/documento/ativas,data/raw/documento-ativas/28308ee15c2f8091.json,"Dispõe sobre as medidas a serem adotadas pelo Distrito Federal, na condição de acionista controlador, para o restabelecimento e fortalecimento das condições econômico-financeiras do Banco de Brasília S.A. – BRB, e dá out","CÂMARA LEGISLATIVA DO DISTRITO FEDERAL Gabinete do Deputado Wellington Luiz - Gab 17 emenda Nº ____ (modificativa) (Autoria: Deputado wellington Luiz) Ao Projeto de Lei Nº 2175/2026, que Dispõe sobre as medidas a serem adotadas pelo Distrito Federal, na condição de acionista controlador, para o restabelecimento e fortalecimento das condições econômico-financeiras do Banco de Brasília S.A. – BRB, e"
325989,356115,PL 2175/2026,156411,Emenda,GAB DEP FÁBIO FÉLIX,2026-03-03T12:23:46,BRB MASTER,e15a193e12d74f2dd8919b1e926c37ef792910935536a72064d54d3d10095ab5,https://ple.cl.df.gov.br/pleservico/api/public/proposicao/156411/documento/ativas,data/raw/documento-ativas/28308ee15c2f8091.json,"Dispõe sobre as medidas a serem adotadas pelo Distrito Federal, na condição de acionista controlador, para o restabelecimento e fortalecimento das condições econômico-financeiras do Banco de Brasília S.A. – BRB, e dá out","CÂMARA LEGISLATIVA DO DISTRITO FEDERAL Gabinete do Deputado Fábio Félix - Gab 24 SUBSTITUTIVO (Autoria: Deputado Fábio Felix) Ao Projeto de Lei Nº 2175/2026, que Dispõe sobre as medidas a serem adotadas pelo Distrito Federal, na condição de acionista controlador, para o restabelecimento e fortalecimento das condições econômico-financeiras do Banco de Brasília S.A. – BRB, e dá outras providências. "
325992,356111,PL 2175/2026,156411,Emenda,GAB DEP JORGE VIANNA,2026-03-03T14:06:45,BRB,854aaa76f88ce026fdb10bb2d4424943ccf01f322124730951ce5cf7f17ae77d,https://ple.cl.df.gov.br/pleservico/api/public/proposicao/156411/documento/ativas,data/raw/documento-ativas/28308ee15c2f8091.json,"Dispõe sobre as medidas a serem adotadas pelo Distrito Federal, na condição de acionista controlador, para o restabelecimento e fortalecimento das condições econômico-financeiras do Banco de Brasília S.A. – BRB, e dá out","CÂMARA LEGISLATIVA DO DISTRITO FEDERAL Gabinete do Deputado Jorge Vianna - Gab 01 emenda Nº ____ (aditiva) (Autoria: Deputado Jorge Vianna) Ao PROJETO DE LEI Nº 2.175, DE 2026, que dispõe sobre as medidas a serem adotadas pelo Distrito Federal, na condição de acionista controlador, para o restabelecimento e fortalecimento das condições econômico-financeiras do Banco de Brasília S.A. – BRB, e dá ou"
325994,356104,PL 2175/2026,156411,Emenda,LIDGOV,2026-03-03T14:15:41,BRB,d1a6a9619869d573e51cdb6f415bfc6b248968d7095c9c798ad81ca41d1d0763,https://ple.cl.df.gov.br/pleservico/api/public/proposicao/156411/documento/ativas,data/raw/documento-ativas/28308ee15c2f8091.json,"Dispõe sobre as medidas a serem adotadas pelo Distrito Federal, na condição de acionista controlador, para o restabelecimento e fortalecimento das condições econômico-financeiras do Banco de Brasília S.A. – BRB, e dá out","CÂMARA LEGISLATIVA DO DISTRITO FEDERAL Liderança do Governo emenda NºADITIVA (Autoria: Deputado Hermeto) Ao Projeto de Lei Nº 2175/2026, que Dispõe sobre as medidas a serem adotadas pelo Distrito Federal, na condição de acionista controlador, para o restabelecimento e fortalecimento das condições econômico-financeiras do Banco de Brasília S.A. – BRB, e dá outras providências. Renumera-se o parágra"
326014,356168,PL 2175/2026,156411,Emenda,GAB DEP DAYSE AMARILIO,2026-03-03T15:59:05,BRB,d28a6b2d407395ff1d4bcc155433b03e8c2560d39b2759a42e810917f4e6bded,https://ple.cl.df.gov.br/pleservico/api/public/proposicao/156411/documento/ativas,data/raw/documento-ativas/28308ee15c2f8091.json,"Dispõe sobre as medidas a serem adotadas pelo Distrito Federal, na condição de acionista controlador, para o restabelecimento e fortalecimento das condições econômico-financeiras do Banco de Brasília S.A. – BRB, e dá out","CÂMARA LEGISLATIVA DO DISTRITO FEDERAL Gabinete da Deputada Dayse Amarilio - Gab 18 emenda Nº ____ (ADITIVA) (Autoria: Deputada Dayse Amarilio) Ao Projeto de Lei Nº 2175/2026, que Dispõe sobre as medidas a serem adotadas pelo Distrito Federal, na condição de acionista controlador, para o restabelecimento e fortalecimento das condições econômico-financeiras do Banco de Brasília S.A. – BRB, e dá out"
326015,356172,PL 2175/2026,156411,Emenda,GAB DEP DAYSE AMARILIO,2026-03-03T16:02:47,BRB,08df207d93e5a8b59375b270f74bc2754524003a90d32f7a0aeb9411309f70e2,https://ple.cl.df.gov.br/pleservico/api/public/proposicao/156411/documento/ativas,data/raw/documento-ativas/28308ee15c2f8091.json,"Dispõe sobre as medidas a serem adotadas pelo Distrito Federal, na condição de acionista controlador, para o restabelecimento e fortalecimento das condições econômico-financeiras do Banco de Brasília S.A. – BRB, e dá out","CÂMARA LEGISLATIVA DO DISTRITO FEDERAL Gabinete da Deputada Dayse Amarilio - Gab 18 emenda Nº ____ (ADITIVA) (Autoria: Deputada Dayse Amarilio) Ao Projeto de Lei Nº 2175/2026, que Dispõe sobre as medidas a serem adotadas pelo Distrito Federal, na condição de acionista controlador, para o restabelecimento e fortalecimento das condições econômico-financeiras do Banco de Brasília S.A. – BRB, e dá out"
326018,356203,PL 2175/2026,156411,Emenda,GAB DEP DOUTORA JANE,2026-03-03T16:13:00,BRB,30b3bd6f3a9fdf09b2bb7c7bd90b808421bf2af9ab432da18a312b9dd1c1912b,https://ple.cl.df.gov.br/pleservico/api/public/proposicao/156411/documento/ativas,data/raw/documento-ativas/28308ee15c2f8091.json,"Dispõe sobre as medidas a serem adotadas pelo Distrito Federal, na condição de acionista controlador, para o restabelecimento e fortalecimento das condições econômico-financeiras do Banco de Brasília S.A. – BRB, e dá out","CÂMARA LEGISLATIVA DO DISTRITO FEDERAL Gabinete da Deputada Doutora Jane - Gab 23 emenda ADITIVA (Autoria: Deputada Doutora Jane) Ao Projeto de Lei Nº 2175/2026, que Dispõe sobre as medidas a serem adotadas pelo Distrito Federal, na condição de acionista controlador, para o restabelecimento e fortalecimento das condições econômico-financeiras do Banco de Brasília S.A. – BRB, e dá outras providênci"
326026,356218,PL 2175/2026,156411,Emenda,GAB DEP JORGE VIANNA,2026-03-03T17:26:12,BRB,25bc95b7530288d4bf5a3cbf9aeaa7885fca3d808bc9a173cc3a1f842338d6a3,https://ple.cl.df.gov.br/pleservico/api/public/proposicao/156411/documento/ativas,data/raw/documento-ativas/28308ee15c2f8091.json,"Dispõe sobre as medidas a serem adotadas pelo Distrito Federal, na condição de acionista controlador, para o restabelecimento e fortalecimento das condições econômico-financeiras do Banco de Brasília S.A. – BRB, e dá out","CÂMARA LEGISLATIVA DO DISTRITO FEDERAL Gabinete do Deputado Jorge Vianna - Gab 01 emenda Nº ____ (aditiva) (Autoria: Deputado Jorge Vianna) Ao Projeto de Lei Nº 2175/2026, que Dispõe sobre as medidas a serem adotadas pelo Distrito Federal, na condição de acionista controlador, para o restabelecimento e fortalecimento das condições econômico-financeiras do Banco de Brasília S.A. – BRB, e dá outras "
326027,356220,PL 2175/2026,156411,Emenda,GAB DEP WELLINGTON LUIZ,2026-03-03T17:28:03,BRB,8300f7ece1e7d1a9ddf2e992581a3136d3502c418dce894bed82b3b293038a59,https://ple.cl.df.gov.br/pleservico/api/public/proposicao/156411/documento/ativas,data/raw/documento-ativas/28308ee15c2f8091.json,"Dispõe sobre as medidas a serem adotadas pelo Distrito Federal, na condição de acionista controlador, para o restabelecimento e fortalecimento das condições econômico-financeiras do Banco de Brasília S.A. – BRB, e dá out","CÂMARA LEGISLATIVA DO DISTRITO FEDERAL Gabinete do Deputado Wellington Luiz - Gab 17 emenda Nº ____ (modificativa) (Autoria: Deputado wellington Luiz) Ao Projeto de Lei Nº 2175/2026, que Dispõe sobre as medidas a serem adotadas pelo Distrito Federal, na condição de acionista controlador, para o restabelecimento e fortalecimento das condições econômico-financeiras do Banco de Brasília S.A. – BRB, e"
326030,356226,PL 2175/2026,156411,Emenda,GAB DEP HERMETO,2026-03-03T17:53:07,BRB,ea6dc4a616966270748cc0edac1e9aabbd8722a5596c118cc1b7ab58fc530eeb,https://ple.cl.df.gov.br/pleservico/api/public/proposicao/156411/documento/ativas,data/raw/documento-ativas/28308ee15c2f8091.json,"Dispõe sobre as medidas a serem adotadas pelo Distrito Federal, na condição de acionista controlador, para o restabelecimento e fortalecimento das condições econômico-financeiras do Banco de Brasília S.A. – BRB, e dá out","CÂMARA LEGISLATIVA DO DISTRITO FEDERAL Gabinete do Deputado Hermeto - Gab 11 emenda Nº ADITIVA (Autoria: Deputado Hermeto) Ao Projeto de Lei Nº 2175/2026, que Dispõe sobre as medidas a serem adotadas pelo Distrito Federal, na condição de acionista controlador, para o restabelecimento e fortalecimento das condições econômico-financeiras do Banco de Brasília S.A. – BRB, e dá outras providências. Acr"
335336,374863,PL 2363/2026,158171,Emenda,GAB DEP FÁBIO FÉLIX,2026-06-08T14:37:25,BRB MASTER,c1becc052b61f43ecb56b8fe55dffdf3e14d74e9378ab2549afdd204fe065b60,https://ple.cl.df.gov.br/pleservico/api/public/proposicao/158171/documento/ativas,data/raw/documento-ativas/be992403f31856a5.json,"Altera a Lei nº 7.845, de 10 de março de 2026, que “dispõe sobre as medidas a serem adotadas pelo Distrito Federal, na condição de acionista controlador, para o restabelecimento e fortalecimento das condições econômico-f","CÂMARA LEGISLATIVA DO DISTRITO FEDERAL Gabinete do Deputado Fábio Félix - Gab 24 EMENDA MODIFICATIVA nº , de 2026 (Autoria: Deputado Fábio Felix) Ao Projeto de Lei nº 2.363/2026, que “altera a Lei nº 7.845, de 10 de março de 2026, que ‘dispõe sobre as medidas a serem adotadas pelo Distrito Federal, na condição de acionista controlador, para o restabelecimento e fortalecimento das condições econômi"
335420,374943,PL 2363/2026,158171,Emenda,GAB DEP FÁBIO FÉLIX,2026-06-08T16:13:06,BRB MASTER,fe8d426a38c3dd44f8f9276c6c2656638f3accbb8518db89e448bbe7aea50748,https://ple.cl.df.gov.br/pleservico/api/public/proposicao/158171/documento/ativas,data/raw/documento-ativas/be992403f31856a5.json,"Altera a Lei nº 7.845, de 10 de março de 2026, que “dispõe sobre as medidas a serem adotadas pelo Distrito Federal, na condição de acionista controlador, para o restabelecimento e fortalecimento das condições econômico-f","CÂMARA LEGISLATIVA DO DISTRITO FEDERAL Gabinete do Deputado Fábio Félix - Gab 24 EMENDA aditiva nº , de 2026 (Autoria: Deputado Fábio Felix) Ao Projeto de Lei nº 2.363/2026, que “altera a Lei nº 7.845, de 10 de março de 2026, que ‘dispõe sobre as medidas a serem adotadas pelo Distrito Federal, na condição de acionista controlador, para o restabelecimento e fortalecimento das condições econômico-fi"
335546,375251,PL 2363/2026,158171,Emenda,GAB DEP FÁBIO FÉLIX,2026-06-09T11:39:39,BRB,a102ab62fc1fd50ab4fb184e7c1628496e42ea1ef561a166a3e327539f7f8ef4,https://ple.cl.df.gov.br/pleservico/api/public/proposicao/158171/documento/ativas,data/raw/documento-ativas/be992403f31856a5.json,"Altera a Lei nº 7.845, de 10 de março de 2026, que “dispõe sobre as medidas a serem adotadas pelo Distrito Federal, na condição de acionista controlador, para o restabelecimento e fortalecimento das condições econômico-f","CÂMARA LEGISLATIVA DO DISTRITO FEDERAL Gabinete do Deputado Fábio Félix - Gab 24 EMENDA ADITIVA nº , de 2026 (Autoria: Deputado Fábio Felix) Ao Projeto de Lei nº 2.363/2026, que “altera a Lei nº 7.845, de 10 de março de 2026, que ‘dispõe sobre as medidas a serem adotadas pelo Distrito Federal, na condição de acionista controlador, para o restabelecimento e fortalecimento das condições econômico-fi"
335773,375377,PL 2363/2026,158171,Emenda,LIDGOV,2026-06-09T16:07:37,BRB,676345c59404b002c44d7308bde32db2870d5bfad883dc27c72f3b590e31c04e,https://ple.cl.df.gov.br/pleservico/api/public/proposicao/158171/documento/ativas,data/raw/documento-ativas/be992403f31856a5.json,"Altera a Lei nº 7.845, de 10 de março de 2026, que “dispõe sobre as medidas a serem adotadas pelo Distrito Federal, na condição de acionista controlador, para o restabelecimento e fortalecimento das condições econômico-f","CÂMARA LEGISLATIVA DO DISTRITO FEDERAL Liderança do Governo emenda Nº ____ (aditiva) (Autoria: Deputado Pepa e Outros) Ao Projeto de Lei Nº 2363/2026, que Altera a Lei nº 7.845, de 10 de março de 2026, que “dispõe sobre as medidas a serem adotadas pelo Distrito Federal, na condição de acionista controlador, para o restabelecimento e fortalecimento das condições econômico-financeiras do Banco de Br"
335774,375379,PL 2363/2026,158171,Emenda,LIDGOV,2026-06-09T16:10:31,BRB,cae37a8c1050f1760a2ccd26d3ffa059ec7e6befd647f96681fb30a14b560b78,https://ple.cl.df.gov.br/pleservico/api/public/proposicao/158171/documento/ativas,data/raw/documento-ativas/be992403f31856a5.json,"Altera a Lei nº 7.845, de 10 de março de 2026, que “dispõe sobre as medidas a serem adotadas pelo Distrito Federal, na condição de acionista controlador, para o restabelecimento e fortalecimento das condições econômico-f","CÂMARA LEGISLATIVA DO DISTRITO FEDERAL Liderança do Governo emenda Nº ____ (aditiva) (Autoria: Deputado Pepa e outros) Ao Projeto de Lei Nº 2363/2026, que Altera a Lei nº 7.845, de 10 de março de 2026, que “dispõe sobre as medidas a serem adotadas pelo Distrito Federal, na condição de acionista controlador, para o restabelecimento e fortalecimento das condições econômico-financeiras do Banco de Br"
335775,375397,PL 2363/2026,158171,Emenda,LIDGOV,2026-06-09T16:12:21,BRB,d2cbdc646ececa1762df470c9d81154681c4eedddf488e38a3559eb5cab5b7a3,https://ple.cl.df.gov.br/pleservico/api/public/proposicao/158171/documento/ativas,data/raw/documento-ativas/be992403f31856a5.json,"Altera a Lei nº 7.845, de 10 de março de 2026, que “dispõe sobre as medidas a serem adotadas pelo Distrito Federal, na condição de acionista controlador, para o restabelecimento e fortalecimento das condições econômico-f","CÂMARA LEGISLATIVA DO DISTRITO FEDERAL Liderança do Governo emenda Nº ____ (aditiva) (Autoria: Deputado Pepa e outros) Ao Projeto de Lei Nº 2363/2026, que Altera a Lei nº 7.845, de 10 de março de 2026, que “dispõe sobre as medidas a serem adotadas pelo Distrito Federal, na condição de acionista controlador, para o restabelecimento e fortalecimento das condições econômico-financeiras do Banco de Br"
335776,375385,PL 2363/2026,158171,Emenda,LIDGOV,2026-06-09T16:14:42,BRB,4555a6e6e5c0da3e66d2a8c8af58f91d36c01ce0130c28407b409fb0e3e9a6d4,https://ple.cl.df.gov.br/pleservico/api/public/proposicao/158171/documento/ativas,data/raw/documento-ativas/be992403f31856a5.json,"Altera a Lei nº 7.845, de 10 de março de 2026, que “dispõe sobre as medidas a serem adotadas pelo Distrito Federal, na condição de acionista controlador, para o restabelecimento e fortalecimento das condições econômico-f","CÂMARA LEGISLATIVA DO DISTRITO FEDERAL Liderança do Governo emenda Nº ____ (aditiva) (Autoria: Deputado Pepa e outros) Ao Projeto de Lei Nº 2363/2026, que Altera a Lei nº 7.845, de 10 de março de 2026, que “dispõe sobre as medidas a serem adotadas pelo Distrito Federal, na condição de acionista controlador, para o restabelecimento e fortalecimento das condições econômico-financeiras do Banco de Br"
335778,375391,PL 2363/2026,158171,Emenda,LIDGOV,2026-06-09T16:16:02,BRB,99e12d7a48ae6e45438818388a312cf537d9b18d7b0901a3f981fbcf891510d5,https://ple.cl.df.gov.br/pleservico/api/public/proposicao/158171/documento/ativas,data/raw/documento-ativas/be992403f31856a5.json,"Altera a Lei nº 7.845, de 10 de março de 2026, que “dispõe sobre as medidas a serem adotadas pelo Distrito Federal, na condição de acionista controlador, para o restabelecimento e fortalecimento das condições econômico-f","CÂMARA LEGISLATIVA DO DISTRITO FEDERAL Liderança do Governo emenda Nº ____ (aditiva) (Autoria: Deputado Pepa e outros) Ao Projeto de Lei Nº 2363/2026, que Altera a Lei nº 7.845, de 10 de março de 2026, que “dispõe sobre as medidas a serem adotadas pelo Distrito Federal, na condição de acionista controlador, para o restabelecimento e fortalecimento das condições econômico-financeiras do Banco de Br"
335780,375396,PL 2363/2026,158171,Emenda,LIDGOV,2026-06-09T16:18:30,BRB,70b78535380effd4c2cc774662026b8f0c7c342300a5b2106680d367a2e5da3e,https://ple.cl.df.gov.br/pleservico/api/public/proposicao/158171/documento/ativas,data/raw/documento-ativas/be992403f31856a5.json,"Altera a Lei nº 7.845, de 10 de março de 2026, que “dispõe sobre as medidas a serem adotadas pelo Distrito Federal, na condição de acionista controlador, para o restabelecimento e fortalecimento das condições econômico-f","CÂMARA LEGISLATIVA DO DISTRITO FEDERAL Liderança do Governo emenda Nº ____ (aditiva) (Autoria: Deputado Pepa e outros) Ao Projeto de Lei Nº 2363/2026, que Altera a Lei nº 7.845, de 10 de março de 2026, que “dispõe sobre as medidas a serem adotadas pelo Distrito Federal, na condição de acionista controlador, para o restabelecimento e fortalecimento das condições econômico-financeiras do Banco de Br"
335804,375483,PL 2363/2026,158171,Emenda,LIDPT,2026-06-09T16:49:33,BRB,ec97c019ef4775a52fda874f4bcb6c6bb75c02d09ac7bd449859ff6b3b1379ed,https://ple.cl.df.gov.br/pleservico/api/public/proposicao/158171/documento/ativas,data/raw/documento-ativas/be992403f31856a5.json,"Altera a Lei nº 7.845, de 10 de março de 2026, que “dispõe sobre as medidas a serem adotadas pelo Distrito Federal, na condição de acionista controlador, para o restabelecimento e fortalecimento das condições econômico-f","CÂMARA LEGISLATIVA DO DISTRITO FEDERAL Liderança do PT emenda Nº ____ (supressiva) (Autoria: Bancada do Partido dos Trabalhadores - PT) Ao Projeto de Lei nº 2363/2026, que altera a Lei nº 7.845, de 10 de março de 2026, que ""dispõe sobre as medidas a serem adotadas pelo Distrito Federal, na condição de acionista controlador, para o restabelecimento e fortalecimento das condições econômico-financeir"
335848,375487,PL 2363/2026,158171,Emenda,LIDPT,2026-06-09T17:23:07,BRB MASTER,72d234683c2fb6dac037cb8492db26daaa39bcb2750a21a4e7fd3d02f3d05c0f,https://ple.cl.df.gov.br/pleservico/api/public/proposicao/158171/documento/ativas,data/raw/documento-ativas/be992403f31856a5.json,"Altera a Lei nº 7.845, de 10 de março de 2026, que “dispõe sobre as medidas a serem adotadas pelo Distrito Federal, na condição de acionista controlador, para o restabelecimento e fortalecimento das condições econômico-f","CÂMARA LEGISLATIVA DO DISTRITO FEDERAL Liderança do PT emenda Nº ____ (Aditiva) (Autoria: Bancada do Partido dos Trabalhadores - PT) Ao Projeto de Lei nº 2363/2026, que altera a Lei nº 7.845, de 10 de março de 2026, que ""dispõe sobre as medidas a serem adotadas pelo Distrito Federal, na condição de acionista controlador, para o restabelecimento e fortalecimento das condições econômico-financeiras "
335872,375542,PL 2363/2026,158171,Emenda,GAB DEP ROOSEVELT VILELA,2026-06-09T19:09:22,BRB,bb25f6ce6b2198a60b7eaa9561e369743f5735efcd905bd6d983bf51223203ba,https://ple.cl.df.gov.br/pleservico/api/public/proposicao/158171/documento/ativas,data/raw/documento-ativas/be992403f31856a5.json,"Altera a Lei nº 7.845, de 10 de março de 2026, que “dispõe sobre as medidas a serem adotadas pelo Distrito Federal, na condição de acionista controlador, para o restabelecimento e fortalecimento das condições econômico-f","CÂMARA LEGISLATIVA DO DISTRITO FEDERAL Gabinete do Deputado Roosevelt Vilela - Gab 14 emenda DE SEGUNDO TURNO Nº ____ (ADITIVA) (Autoria: Deputado Roosevelt Vilela e outros) Ao Projeto de Lei Nº 2363/2026, que Altera a Lei nº 7.845, de 10 de março de 2026, que “dispõe sobre as medidas a serem adotadas pelo Distrito Federal, na condição de acionista controlador, para o restabelecimento e fortalecim"
