data,tipo_documento,proposicao,proposicao_id,documento_id,documento_textual_id,unidade,sessoes_registradas_na_data,palavras_no_texto,sha256_corpo,endpoint_fonte,evidencia_local,inicio_do_texto
2025-08-20,Folha de Votação,PL 1882/2025,153779,306645,,SELEG,SOLENE nº 53 | ORDINARIA nº 66,,6b7497cd66e5daaf24b59a08528a674b6ae083e8b36794dc70d323859f4cbd31,https://ple.cl.df.gov.br/pleservico/api/public/proposicao/153779/documento/ativas,data/raw/documento-ativas/a91cdb16a2fb033b.json,
2025-08-20,Folha de Votação,PL 1882/2025,153779,306654,,SELEG,SOLENE nº 53 | ORDINARIA nº 66,,b1ab96966238c9da783afca94a148713e3260251124b032c265577d778252308,https://ple.cl.df.gov.br/pleservico/api/public/proposicao/153779/documento/ativas,data/raw/documento-ativas/a91cdb16a2fb033b.json,
2025-08-20,Folha de Votação,PL 1882/2025,153779,306648,,SELEG,SOLENE nº 53 | ORDINARIA nº 66,,3bd6440df4c70efb7348613e75c203a1bab226ccdf945e9dc68416d956d0ef8f,https://ple.cl.df.gov.br/pleservico/api/public/proposicao/153779/documento/ativas,data/raw/documento-ativas/a91cdb16a2fb033b.json,
2025-08-20,Folha de Votação,PL 1882/2025,153779,306653,,SELEG,SOLENE nº 53 | ORDINARIA nº 66,,10f684a220a61bb9eac601916c6637d92a5eb1f786db2b6db39b477601de099f,https://ple.cl.df.gov.br/pleservico/api/public/proposicao/153779/documento/ativas,data/raw/documento-ativas/a91cdb16a2fb033b.json,
2026-03-04,Folha de Votação,PL 2175/2026,156411,326047,,SELEG,ORDINARIA nº 12 | SOLENE nº 158,,a45d8261bead7745d73ebf83f3a21c439af036f589b9159dd819f3a269604b42,https://ple.cl.df.gov.br/pleservico/api/public/proposicao/156411/documento/ativas,data/raw/documento-ativas/28308ee15c2f8091.json,
2026-03-04,Folha de Votação,PL 2175/2026,156411,326048,,SELEG,ORDINARIA nº 12 | SOLENE nº 158,,2303e91efbbe0c0bed7bdfc72f4bea790a63fe5119dc7f9aa9ab7bdd115f4d7c,https://ple.cl.df.gov.br/pleservico/api/public/proposicao/156411/documento/ativas,data/raw/documento-ativas/28308ee15c2f8091.json,
2026-03-04,Folha de Votação,PL 2175/2026,156411,326051,,SELEG,ORDINARIA nº 12 | SOLENE nº 158,,63a0fb1062e1fdf23f774d19ac6d447a55afe1cc2f932c36a4cfce3a4ae50ae0,https://ple.cl.df.gov.br/pleservico/api/public/proposicao/156411/documento/ativas,data/raw/documento-ativas/28308ee15c2f8091.json,
2026-03-04,Folha de Votação,PL 2175/2026,156411,326052,,SELEG,ORDINARIA nº 12 | SOLENE nº 158,,d6c90be481f7f1037f0e3f3bf2bd37526f97feb33e761fb777f2ab47bd0fe34d,https://ple.cl.df.gov.br/pleservico/api/public/proposicao/156411/documento/ativas,data/raw/documento-ativas/28308ee15c2f8091.json,
2026-03-04,Folha de Votação,REQ 2613/2026,156388,326069,,SELEG,ORDINARIA nº 12 | SOLENE nº 158,,ffb537b851b8e21e8a8e4610356ee580874ffd425439ece528fc17327b097d55,https://ple.cl.df.gov.br/pleservico/api/public/proposicao/156388/documento/ativas,data/raw/documento-ativas/64446fba4f0af7b9.json,
2026-03-16,Folha de Votação,REQ 2653/2026,156585,326901,358713,CCJ,SOLENE nº 167,BRB,37600c06da3a48f3e70411cfe1ee5ed2524a67a89623f5b37c8e97946f5696d6,https://ple.cl.df.gov.br/pleservico/api/public/proposicao/156585/documento/ativas,data/raw/documento-ativas/2bc2da65b09d013a.json,CÂMARA LEGISLATIVA DO DISTRITO FEDERAL Comissão de Constituição e Justiça Folha de votação Requerimento 2653/2026 Requer a convocação do Sr. Secretário de Estado de Economia do Distrito Federal e do Sr. Presidente do Banco de Brasília - BRB para que prestem pessoalmente esclarecimentos sobre a situação financeira do Banco de Brasília e sobre as medidas de socorro necessárias. Autoria: Deputado Thi
2026-03-16,Folha de Votação,REQ 2660/2026,156622,326902,358718,CCJ,SOLENE nº 167,,a60cd19f9f54d1976635a293f1138e68b6c4ff7f42b1e49bb2a25d553a308af1,https://ple.cl.df.gov.br/pleservico/api/public/proposicao/156622/documento/ativas,data/raw/documento-ativas/dbc6c0c9fa3ea5bf.json,CÂMARA LEGISLATIVA DO DISTRITO FEDERAL Comissão de Constituição e Justiça Folha de votação Requerimento 2660/2026 Requer a convocação do Diretor-Presidente da Terracap (Agência de Desenvolvimento do Distrito Federal). Autoria: Deputado Chico Vigilante Assinam e votam o parecer os(as) Deputados(as): TITULARES ACOMPANHAMENTO Favorável Contrário Abstenção Thiago Manzoni X Chico Vigilante X Robério Ne
2026-04-07,Folha de Votação,REQ 2724/2026,157106,329521,362821,CCJ,SOLENE nº 181 | ORDINARIA nº 25,,9c7e40e52d221529b4781121c943a7d3f55bcf99e7d2d83b0a99d4540e3c19d5,https://ple.cl.df.gov.br/pleservico/api/public/proposicao/157106/documento/ativas,data/raw/documento-ativas/72b5869679d2c7d0.json,"CÂMARA LEGISLATIVA DO DISTRITO FEDERAL Comissão de Constituição e Justiça Folha de votação Requerimento 2724/2026 Requer a convocação do Sr. Secretário de Estado de Economia e do Sr. Secretário Adjunto de Economia para que prestem pessoalmente esclarecimentos sobre a situação financeira do Banco de Brasília, sobre as medidas de socorro necessárias e sobre a situação econômico-financeira do Distrit"
2026-04-07,Folha de Votação,REQ 2725/2026,157105,329522,362852,CCJ,SOLENE nº 181 | ORDINARIA nº 25,BRB,2903f4ab65f0ed08a45735761b54b801032e7e3eb873e0540b3bae0b00abe079,https://ple.cl.df.gov.br/pleservico/api/public/proposicao/157105/documento/ativas,data/raw/documento-ativas/633c101e223ee941.json,CÂMARA LEGISLATIVA DO DISTRITO FEDERAL Comissão de Constituição e Justiça Folha de votação Requerimento 2725/2026 Requer a convocação do Sr. Presidente do Banco de Brasília - BRB para que preste pessoalmente esclarecimentos sobre a situação financeira do Banco de Brasília e sobre as medidas de socorro necessárias. Autoria: Deputado Thiago Manzoni Assinam e votam o parecer os(as) Deputados(as): TIT
2026-06-10,Folha de Votação,PL 2363/2026,158171,335900,,SELEG,ORDINARIA nº 51,,d6ac41eceaa3c458350998b44957439c40fbf673deccfc5ad3873b716c032d36,https://ple.cl.df.gov.br/pleservico/api/public/proposicao/158171/documento/ativas,data/raw/documento-ativas/be992403f31856a5.json,
2026-06-10,Folha de Votação,PL 2363/2026,158171,335902,,SELEG,ORDINARIA nº 51,,39d5da7c1b249e8c6b3dc7b6133c771c454f54b47f39a93a891103e4287bb742,https://ple.cl.df.gov.br/pleservico/api/public/proposicao/158171/documento/ativas,data/raw/documento-ativas/be992403f31856a5.json,
2026-06-10,Folha de Votação,PL 2363/2026,158171,335904,,SELEG,ORDINARIA nº 51,,8c42f195e5aede18075a0dd56aa0cfbc62b2170a0c6b514722a224ac262d0174,https://ple.cl.df.gov.br/pleservico/api/public/proposicao/158171/documento/ativas,data/raw/documento-ativas/be992403f31856a5.json,
2026-06-10,Folha de Votação,PL 2363/2026,158171,335911,,SELEG,ORDINARIA nº 51,,f2dffea8179c41cea073d8ec79adb18f64aa2aa2574618b585a7f96f304e29c0,https://ple.cl.df.gov.br/pleservico/api/public/proposicao/158171/documento/ativas,data/raw/documento-ativas/be992403f31856a5.json,
2026-06-10,Folha de Votação,PL 2363/2026,158171,335913,,SELEG,ORDINARIA nº 51,,a25f87aca160a0b62da5cf1475d4314d7541df8d0adf5291261a32a7f8c50aa7,https://ple.cl.df.gov.br/pleservico/api/public/proposicao/158171/documento/ativas,data/raw/documento-ativas/be992403f31856a5.json,
2026-06-10,Folha de Votação,PL 2363/2026,158171,335914,,SELEG,ORDINARIA nº 51,,d399f6086ecd4ff034027957054c3a3a92edd1b79ce150d9e9fe8c9b8bb7eefa,https://ple.cl.df.gov.br/pleservico/api/public/proposicao/158171/documento/ativas,data/raw/documento-ativas/be992403f31856a5.json,
2026-06-10,Folha de Votação - Destaque,PL 2363/2026,158171,335906,,SELEG,ORDINARIA nº 51,,955413aae149190fa654e8c7102000152936f96d3f5f89401c9964b8802f3776,https://ple.cl.df.gov.br/pleservico/api/public/proposicao/158171/documento/ativas,data/raw/documento-ativas/be992403f31856a5.json,
2026-06-10,Folha de Votação - Destaque,PL 2363/2026,158171,335908,,SELEG,ORDINARIA nº 51,,b5a5e97474c6efe0ca5637a2f2bd6fa8373672f0599979c738b3db29a68661dc,https://ple.cl.df.gov.br/pleservico/api/public/proposicao/158171/documento/ativas,data/raw/documento-ativas/be992403f31856a5.json,
2026-06-10,Folha de Votação - Destaque,PL 2363/2026,158171,335910,,SELEG,ORDINARIA nº 51,,11efb3e74e1e439cf44c6926b35f5e4350b3b6a1b83264934aa8a18f5cbac890,https://ple.cl.df.gov.br/pleservico/api/public/proposicao/158171/documento/ativas,data/raw/documento-ativas/be992403f31856a5.json,
2026-06-10,Notas Taquigráficas,PL 2363/2026,158171,335905,,SELEG,ORDINARIA nº 51,,7884b3f631be69bbcfd3fe20a353ff2dd4ad8af2b065d4152936c4d4304bde2c,https://ple.cl.df.gov.br/pleservico/api/public/proposicao/158171/documento/ativas,data/raw/documento-ativas/be992403f31856a5.json,
2026-06-10,Notas Taquigráficas,PL 2363/2026,158171,335907,,SELEG,ORDINARIA nº 51,,36c0609993d3940c438c321fd578aceb2b008af2b9aadbcd12b7130616d6be06,https://ple.cl.df.gov.br/pleservico/api/public/proposicao/158171/documento/ativas,data/raw/documento-ativas/be992403f31856a5.json,
2026-06-10,Notas Taquigráficas,PL 2363/2026,158171,335909,,SELEG,ORDINARIA nº 51,,f5679fa69e76d3758a0562faac7f351c0ba14feec0acbca1b38f62db488b868f,https://ple.cl.df.gov.br/pleservico/api/public/proposicao/158171/documento/ativas,data/raw/documento-ativas/be992403f31856a5.json,
2025-08-20,Redação Final,PL 1882/2025,153779,306659,318127,CCJ,SOLENE nº 53 | ORDINARIA nº 66,MASTER,e9b269450ab7fa271ada7cd5949f06acb2765e88a1e07a60750f7d190f6ba4b5,https://ple.cl.df.gov.br/pleservico/api/public/proposicao/153779/documento/ativas,data/raw/documento-ativas/a91cdb16a2fb033b.json,CÂMARA LEGISLATIVA DO DISTRITO FEDERAL Comissão de Constituição e Justiça PROJETO DE LEI Nº 1.882 DE 2025 REDAÇÃO FINAL Autoriza a aquisição pelo Banco de Brasília S.A. de 49% das ações ordinárias e de 100% das ações preferenciais do capital social do Banco Master S.A. A CÂMARA LEGISLATIVA DO DISTRITO FEDERAL decreta: Art. 1º Fica autorizada a aquisição pelo Banco de Brasília S.A. de 49% das ações
2025-08-21,Redação Final,PL 1882/2025,153779,306716,,SELEG,SOLENE nº 54,,01625266f681a1f108da29eefa1ac3e27044b9b859db90c2097d15dc7980f3a7,https://ple.cl.df.gov.br/pleservico/api/public/proposicao/153779/documento/ativas,data/raw/documento-ativas/a91cdb16a2fb033b.json,
2026-03-05,Redação Final,PL 2175/2026,156411,326206,356729,CCJ,SOLENE nº 158 | SOLENE nº 159 | SOLENE nº 160,BRB,f9441e0682ad5ba45b00189235b330de8d2d4329066ab5555fb41060412a8b35,https://ple.cl.df.gov.br/pleservico/api/public/proposicao/156411/documento/ativas,data/raw/documento-ativas/28308ee15c2f8091.json,"CÂMARA LEGISLATIVA DO DISTRITO FEDERAL Comissão de Constituição e Justiça PROJETO DE LEI Nº 2.175 DE 2026 Redação Final Dispõe sobre as medidas a serem adotadas pelo Distrito Federal, na condição de acionista controlador, para o restabelecimento e fortalecimento das condições econômico-financeiras do Banco de Brasília S.A. – BRB, e dá outras providências. A CÂMARA LEGISLATIVA DO DISTRITO FEDERAL d"
2026-03-06,Redação Final,PL 2175/2026,156411,326215,,SELEG,,,5752aaf54df6e75a63ad616762fa83df6842c820c9bf89ac83f99aab553d4fde,https://ple.cl.df.gov.br/pleservico/api/public/proposicao/156411/documento/ativas,data/raw/documento-ativas/28308ee15c2f8091.json,
2026-03-06,Redação Final,PL 2175/2026,156411,326231,,SELEG,,,3ce3e11d335aa55c48fd0d9634cae2ac341d6f498891dd91e1a998d3a0fd495c,https://ple.cl.df.gov.br/pleservico/api/public/proposicao/156411/documento/ativas,data/raw/documento-ativas/28308ee15c2f8091.json,
2026-06-10,Redação Final,PL 2363/2026,158171,335918,375579,CCJ,ORDINARIA nº 51,BRB,e5ffb718d817c61337ca9fed3143a33f21d12d29a780e8c1b9f690c3ef67ee3e,https://ple.cl.df.gov.br/pleservico/api/public/proposicao/158171/documento/ativas,data/raw/documento-ativas/be992403f31856a5.json,"CÂMARA LEGISLATIVA DO DISTRITO FEDERAL Comissão de Constituição e Justiça PROJETO DE LEI nº 2.363 DE 2026 REDAÇÃO FINAL Altera a Lei nº 7.845, de 10 de março de 2026, que “dispõe sobre as medidas a serem adotadas pelo Distrito Federal, na condição de acionista controlador, para o restabelecimento e fortalecimento das condições econômico-financeiras do Banco de Brasília S.A. – BRB, e dá outras prov"
2026-06-11,Redação Final,PL 2363/2026,158171,336004,,SELEG,ORDINARIA nº 52 | SOLENE nº 215 | SOLENE nº 215,,56d5cb01987a11e9ef47cf6456b704627a051f38d25d4442c6af230e746657a6,https://ple.cl.df.gov.br/pleservico/api/public/proposicao/158171/documento/ativas,data/raw/documento-ativas/be992403f31856a5.json,
2025-08-21,Publicação,PL 1882/2025,153779,306718,,SELEG,SOLENE nº 54,,70812615e531cc35b895ddb911d0497358d5f77c8ff20aad9bae36fc15be7828,https://ple.cl.df.gov.br/pleservico/api/public/proposicao/153779/documento/ativas,data/raw/documento-ativas/a91cdb16a2fb033b.json,
2025-08-21,Publicação,PL 1882/2025,153779,306742,,SELEG,SOLENE nº 54,,264dc407d88a47476001fef45505800cb19ed88507acfaeef72f024dc7c52c26,https://ple.cl.df.gov.br/pleservico/api/public/proposicao/153779/documento/ativas,data/raw/documento-ativas/a91cdb16a2fb033b.json,
2026-03-06,Publicação,PL 2175/2026,156411,326227,,SELEG,,,2820a4a513d484b4da0f1a5afb99b920aaefd2b7893d3791afc3b8aebcc48747,https://ple.cl.df.gov.br/pleservico/api/public/proposicao/156411/documento/ativas,data/raw/documento-ativas/28308ee15c2f8091.json,
2026-03-06,Publicação,PL 2175/2026,156411,326254,,SELEG,,,dc077637212f8018f4030cb3d818bf107eb632897eccfce91a1f916c54e6d3a7,https://ple.cl.df.gov.br/pleservico/api/public/proposicao/156411/documento/ativas,data/raw/documento-ativas/28308ee15c2f8091.json,
2026-03-11,Publicação,PL 2175/2026,156411,326562,,SELEG,ORDINARIA nº 15 | SOLENE nº 161,,55f7ecf02df0ab42f696c6e8e9bde83d9fe2a5eb1aea803a82b0591c8618c7a8,https://ple.cl.df.gov.br/pleservico/api/public/proposicao/156411/documento/ativas,data/raw/documento-ativas/28308ee15c2f8091.json,
2026-06-11,Publicação,PL 2363/2026,158171,336005,,SELEG,ORDINARIA nº 52 | SOLENE nº 215 | SOLENE nº 215,,f78695aeb5a5aab5d61fecc0e5e5c815685b1d86fb48924c2b972fd05ed85c8c,https://ple.cl.df.gov.br/pleservico/api/public/proposicao/158171/documento/ativas,data/raw/documento-ativas/be992403f31856a5.json,
2026-06-24,Publicação,PL 2363/2026,158171,338303,,SELEG,SOLENE nº 227,,a7b570b801634d5e24d821138641af3b3abcabda66c00d2b26543c7c2496c85c,https://ple.cl.df.gov.br/pleservico/api/public/proposicao/158171/documento/ativas,data/raw/documento-ativas/be992403f31856a5.json,
2025-03-14,Parecer,PL 1557/2025,150946,289796,283222,GAB DEP PAULA BELMONTE,SOLENE nº 12,,e226d860417f66b9286277cc7bebad2a843aab1ff51ae6eb247ea5683aa10d2d,https://ple.cl.df.gov.br/pleservico/api/public/proposicao/150946/documento/ativas,data/raw/documento-ativas/26e168a13f37ca95.json,"CÂMARA LEGISLATIVA DO DISTRITO FEDERAL Gabinete da Deputada Paula Belmonte - Gab 22 PARECER Nº , DE 2025 - CDESCTMAT Projeto de Lei nº 1.557/2025 Da COMISSÃO DE DESENVOLVIMENTO ECONÔMICO SUSTENTÁVEL, CIÊNCIA, TECNOLOGIA, MEIO AMBIENTE E TURISMO sobre o Projeto de Lei nº 1.557/2025, que “altera a Lei nº 4.636, de 25 de agosto de 2011, que ‘institui mecanismo de controle do patrimônio público do Dis"
2025-08-20,Parecer,PL 1882/2025,153779,306642,,SELEG,SOLENE nº 53 | ORDINARIA nº 66,,cb1a26073f37a6386d4737b70a9553cccaa132d676e3af62a8bb9e6b6fa73a33,https://ple.cl.df.gov.br/pleservico/api/public/proposicao/153779/documento/ativas,data/raw/documento-ativas/a91cdb16a2fb033b.json,
2025-08-20,Parecer,PL 1882/2025,153779,306651,,SELEG,SOLENE nº 53 | ORDINARIA nº 66,,10f684a220a61bb9eac601916c6637d92a5eb1f786db2b6db39b477601de099f,https://ple.cl.df.gov.br/pleservico/api/public/proposicao/153779/documento/ativas,data/raw/documento-ativas/a91cdb16a2fb033b.json,
2025-08-20,Parecer,PL 1882/2025,153779,306652,,SELEG,SOLENE nº 53 | ORDINARIA nº 66,,268be245a61da3397d401dc054bfc37c15e767c302a3a152104ba41229159bde,https://ple.cl.df.gov.br/pleservico/api/public/proposicao/153779/documento/ativas,data/raw/documento-ativas/a91cdb16a2fb033b.json,
2026-03-04,Parecer,PL 2175/2026,156411,326046,,SELEG,ORDINARIA nº 12 | SOLENE nº 158,,2748659e947f833f19b73a6b9f451eb2757da78317a8e20fd7cc6c2685c80985,https://ple.cl.df.gov.br/pleservico/api/public/proposicao/156411/documento/ativas,data/raw/documento-ativas/28308ee15c2f8091.json,
2026-06-09,Parecer,PL 2363/2026,158171,335871,375538,GAB DEP CHICO VIGILANTE,EXTRAORDINARIA nº 13 | ORDINARIA nº 50,BRB,a407a12b3b8573ca08536106a759127d0507e4f440580eb0720d70ffd16dcb98,https://ple.cl.df.gov.br/pleservico/api/public/proposicao/158171/documento/ativas,data/raw/documento-ativas/be992403f31856a5.json,"CÂMARA LEGISLATIVA DO DISTRITO FEDERAL Gabinete do Deputado Chico Vigilante - Gab 09 PARECER Nº , DE 2026 - CCJ Da COMISSÃO DE CONSTITUIÇÃO E JUSTIÇA sobre o Projeto de Lei Nº 2363/2026, que “Altera a Lei nº 7.845, de 10 de março de 2026, que “dispõe sobre as medidas a serem adotadas pelo Distrito Federal, na condição de acionista controlador, para o restabelecimento e fortalecimento das condições"
2026-06-10,Parecer,PL 2363/2026,158171,335899,,SELEG,ORDINARIA nº 51,,05e2831e4d1f5f50249a7f750d881a3408e78acfcb5003408c57a5aedcfa291a,https://ple.cl.df.gov.br/pleservico/api/public/proposicao/158171/documento/ativas,data/raw/documento-ativas/be992403f31856a5.json,
2026-06-10,Parecer,PL 2363/2026,158171,335901,,SELEG,ORDINARIA nº 51,,d7ea383d25bf95313cb82009ba68e21c91f0bed0f165575f52dbbd3d601be57f,https://ple.cl.df.gov.br/pleservico/api/public/proposicao/158171/documento/ativas,data/raw/documento-ativas/be992403f31856a5.json,
2026-06-10,Parecer,PL 2363/2026,158171,335903,,SELEG,ORDINARIA nº 51,,eb568805d044a0074e0b5782fe2402eb8459e2af6162023a86fd1e22d3612eb7,https://ple.cl.df.gov.br/pleservico/api/public/proposicao/158171/documento/ativas,data/raw/documento-ativas/be992403f31856a5.json,
2026-06-11,Parecer,PL 2363/2026,158171,336012,,SELEG,ORDINARIA nº 52 | SOLENE nº 215 | SOLENE nº 215,,89f2153c9298e81690845a754e754b61ffa3e04a0e584244b01e41c027c33118,https://ple.cl.df.gov.br/pleservico/api/public/proposicao/158171/documento/ativas,data/raw/documento-ativas/be992403f31856a5.json,
2026-03-03,Voto em Separado,PL 2175/2026,156411,326041,356263,LIDPT,EXTRAORDINARIA nº 2 | ORDINARIA nº 11,BRB MASTER,35b58cd0692cd6f0470b1c464b2e2d7f8c328c29bc32a74539eece6eee52301b,https://ple.cl.df.gov.br/pleservico/api/public/proposicao/156411/documento/ativas,data/raw/documento-ativas/28308ee15c2f8091.json,"CÂMARA LEGISLATIVA DO DISTRITO FEDERAL Liderança do PT voto em separado na comissão de constituição e justiça Projeto de Lei nº 2175/2026 Ao Projeto de Lei nº 2175/2026, que “Dispõe sobre as medidas a serem adotadas pelo Distrito Federal, na condição de acionista controlador, para o restabelecimento e fortalecimento das condições econômico-financeiras do Banco de Brasília S.A. – BRB, e dá outras p"
